{
    "mAP50": 0.8911946329662431,
    "mAP50_95": 0.6510313934613383,
    "precision": 0.8465361401572725,
    "recall": 0.8499469814978855
}