{
    "mAP50": {
        "old": 0.8911946329662431,
        "new": 0.9023976543494892,
        "delta": 0.011203021383246026
    },
    "precision": {
        "old": 0.8465361401572725,
        "new": 0.8769949816962175,
        "delta": 0.03045884153894496
    },
    "recall": {
        "old": 0.8499469814978855,
        "new": 0.8554095304849069,
        "delta": 0.005462548987021365
    },
    "latency_sec": {
        "old": 60.301963806152344,
        "new": 61.274359464645386,
        "delta": 0.972395658493042
    },
    "DEPLOY_NEW_MODEL": true,
    "shadow_discrepancies": 10
}